-- ============================================================================
-- DATA EXPORT - Import this after schema is created
-- ============================================================================

-- ============================================================================
-- Table: events (2 rows)
-- ============================================================================

INSERT INTO "events" ("id", "name", "city", "event_date", "active", "created_at", "updated_at", "scoring_categories", "entry_category_title") VALUES
(9, '2025 Comfort Texas Christmas Parade', 'Comfort', '2025-11-29T23:00:00.000Z', TRUE, '2025-11-29T06:17:13.813Z', '2025-11-29T06:17:13.813Z', '[{"name":"Lighting","hasNone":true,"required":true},{"name":"Theme","hasNone":true,"required":true},{"name":"Traditions","hasNone":true,"required":true},{"name":"Spirit","hasNone":true,"required":true},{"name":"Music","hasNone":true,"required":false}]'::jsonb, 'Best Entry'),
(10, 'Comfort 4th Parade 2026', 'Comfort', '2026-07-05T05:28:00.000Z', TRUE, '2025-11-29T07:29:16.266Z', '2025-11-29T07:29:16.266Z', '[{"name":"Lighting","hasNone":true,"required":true},{"name":"Theme","hasNone":true,"required":true},{"name":"Traditions","hasNone":true,"required":true},{"name":"Spirit","hasNone":true,"required":true},{"name":"Music","hasNone":true,"required":false}]'::jsonb, 'Best Entry')
;



-- ============================================================================
-- Table: event_categories (10 rows)
-- ============================================================================

INSERT INTO "event_categories" ("id", "event_id", "category_name", "display_order", "required", "has_none_option", "created_at") VALUES
(30, 9, 'Lighting', 0, TRUE, TRUE, '2025-11-29T06:17:13.827Z'),
(31, 9, 'Theme', 1, TRUE, TRUE, '2025-11-29T06:17:13.827Z'),
(32, 9, 'Traditions', 2, TRUE, TRUE, '2025-11-29T06:17:13.827Z'),
(33, 9, 'Spirit', 3, TRUE, TRUE, '2025-11-29T06:17:13.827Z'),
(34, 9, 'Music', 4, FALSE, TRUE, '2025-11-29T06:17:13.827Z'),
(35, 10, 'Lighting', 0, TRUE, TRUE, '2025-11-29T07:29:16.426Z'),
(36, 10, 'Theme', 1, TRUE, TRUE, '2025-11-29T07:29:16.426Z'),
(37, 10, 'Traditions', 2, TRUE, TRUE, '2025-11-29T07:29:16.426Z'),
(38, 10, 'Spirit', 3, TRUE, TRUE, '2025-11-29T07:29:16.426Z'),
(39, 10, 'Music', 4, FALSE, TRUE, '2025-11-29T07:29:16.426Z')
;



-- ============================================================================
-- Table: judges (7 rows)
-- ============================================================================

INSERT INTO "judges" ("id", "name", "submitted", "event_id", "created_at") VALUES
(23, 'Dr Munoz', FALSE, 9, '2025-11-29T06:17:13.833Z'),
(25, 'Frank', FALSE, 9, '2025-11-29T06:17:13.833Z'),
(26, 'Otis', FALSE, 9, '2025-11-29T06:17:13.833Z'),
(27, 'Judge 1', FALSE, 10, '2025-11-29T07:29:16.480Z'),
(28, 'Judge 2', FALSE, 10, '2025-11-29T07:29:16.480Z'),
(29, 'Judge 3', FALSE, 10, '2025-11-29T07:29:16.480Z'),
(24, 'Dr Boothe', TRUE, 9, '2025-11-29T06:17:13.833Z')
;



-- ============================================================================
-- Table: participants (4 rows)
-- ============================================================================

INSERT INTO "participants" ("id", "organization", "first_name", "last_name", "title", "phone", "email", "entry_name", "type_of_entry", "created_at", "updated_at") VALUES
(7, 'TechHuman', 'Elizabeth', 'Boothe', NULL, '7135869293', 'edoly@me.com', NULL, 'Car', '2025-11-29T08:13:28.608Z', '2025-11-29T08:13:28.608Z'),
(8, 'iThrive AI, LLC', 'Ed', 'Olszanowski', 'CEO', '2108508401', 'support@i-thrive-ai.com', NULL, 'Car', '2025-11-29T08:13:30.668Z', '2025-11-29T08:13:30.668Z'),
(6, 'ECO Consulting, LLC', 'Edward', 'Olszanowski', NULL, '2108508401', 'ed@ecopmconsulting.com', 'long horns', 'Animals', '2025-11-29T08:13:26.425Z', '2025-11-29T08:30:01.172Z'),
(9, 'iThrive AI, LLC', 'Edward', 'Olszanowski', NULL, '2108508401', 'edoly@me.com', 'iThrive AI', 'Truck', '2025-11-29T08:32:07.552Z', '2025-11-29T08:32:07.552Z')
;



-- ============================================================================
-- Table: floats (5 rows)
-- ============================================================================

INSERT INTO "floats" ("id", "float_number", "organization", "entry_name", "created_at", "first_name", "last_name", "title", "phone", "email", "comments", "entry_length", "float_description", "type_of_entry", "has_music", "approved", "submitted_at", "event_id") VALUES
(43, 4, 'ECO Consulting, LLC', 'long horns', '2025-11-29T02:29:45.738Z', 'Edward', 'Olszanowski', NULL, '2108508401', 'ed@ecopmconsulting.com', NULL, '10', 'Horn long', 'Animals', FALSE, TRUE, '2025-11-29T08:29:45.542Z', 9),
(42, 1, 'ECO Consulting, LLC', NULL, '2025-11-29T02:11:02.918Z', 'Edward', 'Olszanowski', NULL, '2108508401', 'ed@ecopmconsulting.com', NULL, '12', 'mmmmyaaaaa', 'Tractors', FALSE, TRUE, '2025-11-29T08:11:02.735Z', 9),
(41, 2, 'TechHuman', NULL, '2025-11-29T01:27:04.699Z', 'Elizabeth', 'Boothe', NULL, '7135869293', 'edoly@me.com', NULL, '10', 'nice float', 'Car', FALSE, TRUE, '2025-11-29T07:27:04.543Z', 9),
(44, 3, 'iThrive AI, LLC', 'iThrive AI', '2025-11-29T02:31:27.781Z', 'Edward', 'Olszanowski', NULL, '2108508401', 'edoly@me.com', NULL, '20', 'ithrive ai', 'Truck', TRUE, TRUE, '2025-11-29T08:31:27.575Z', 9),
(40, 5, 'iThrive AI, LLC', NULL, '2025-11-29T00:33:15.156Z', 'Ed', 'Olszanowski', 'CEO', '2108508401', 'support@i-thrive-ai.com', NULL, '10', 'DON''T FEARAI, GET TRAINED BY ITHRIVE AI', 'Car', FALSE, TRUE, '2025-11-29T06:33:15.145Z', 9)
;



-- ============================================================================
-- Table: scores (18 rows)
-- ============================================================================

INSERT INTO "scores" ("id", "judge_id", "float_id", "lighting", "theme", "traditions", "spirit", "music", "created_at", "updated_at", "event_id", "total") VALUES
(115, 26, 42, NULL, NULL, NULL, NULL, NULL, '2025-11-29T02:32:51.811Z', '2025-11-29T02:32:55.347Z', 9, 37),
(122, 25, 41, NULL, NULL, NULL, NULL, NULL, '2025-11-29T02:40:59.203Z', '2025-11-29T02:41:03.473Z', 9, 17),
(126, 23, 43, NULL, NULL, NULL, NULL, NULL, '2025-11-29T03:15:57.112Z', '2025-11-29T03:16:05.188Z', 9, 42),
(118, 26, 40, NULL, NULL, NULL, NULL, NULL, '2025-11-29T02:36:26.700Z', '2025-11-29T02:36:48.406Z', 9, 35),
(116, 26, 41, NULL, NULL, NULL, NULL, NULL, '2025-11-29T02:33:01.338Z', '2025-11-29T02:33:05.587Z', 9, 45),
(124, 24, 43, NULL, NULL, NULL, NULL, NULL, '2025-11-29T02:49:51.910Z', '2025-11-29T03:09:01.219Z', 9, 23),
(119, 26, 43, NULL, NULL, NULL, NULL, NULL, '2025-11-29T02:37:50.797Z', '2025-11-29T02:37:56.164Z', 9, 56),
(117, 26, 44, NULL, NULL, NULL, NULL, NULL, '2025-11-29T02:33:09.736Z', '2025-11-29T02:33:14.908Z', 9, 46),
(109, 24, 42, NULL, NULL, NULL, NULL, NULL, '2025-11-29T02:15:08.597Z', '2025-11-29T02:15:13.991Z', 9, 34),
(113, 23, 40, NULL, NULL, NULL, NULL, NULL, '2025-11-29T02:19:36.736Z', '2025-11-29T03:15:55.350Z', 9, 41),
(112, 23, 42, NULL, NULL, NULL, NULL, NULL, '2025-11-29T02:19:27.202Z', '2025-11-29T03:15:33.689Z', 9, 41),
(120, 25, 42, NULL, NULL, NULL, NULL, NULL, '2025-11-29T02:40:41.139Z', '2025-11-29T02:40:44.802Z', 9, 21),
(110, 24, 40, NULL, NULL, NULL, NULL, NULL, '2025-11-29T02:15:21.345Z', '2025-11-29T02:54:57.071Z', 9, 60),
(111, 24, 41, NULL, NULL, NULL, NULL, NULL, '2025-11-29T02:15:33.426Z', '2025-11-29T02:53:42.209Z', 9, 67),
(114, 23, 41, NULL, NULL, NULL, NULL, NULL, '2025-11-29T02:19:47.090Z', '2025-11-29T03:15:38.580Z', 9, 38),
(123, 24, 44, NULL, NULL, NULL, NULL, NULL, '2025-11-29T02:46:47.856Z', '2025-11-29T02:46:54.847Z', 9, 39),
(121, 25, 40, NULL, NULL, NULL, NULL, NULL, '2025-11-29T02:40:50.254Z', '2025-11-29T02:40:53.076Z', 9, 72),
(125, 23, 44, NULL, NULL, NULL, NULL, NULL, '2025-11-29T03:15:41.749Z', '2025-11-29T03:16:15.203Z', 9, 56)
;



-- ============================================================================
-- Table: score_items (90 rows)
-- ============================================================================

INSERT INTO "score_items" ("id", "score_id", "event_category_id", "value", "created_at", "updated_at") VALUES
(98, 125, 31, 13, '2025-11-29T09:15:41.942Z', '2025-11-29T09:16:14.766Z'),
(99, 125, 32, 16, '2025-11-29T09:15:42.038Z', '2025-11-29T09:16:14.862Z'),
(100, 125, 33, 8, '2025-11-29T09:15:42.134Z', '2025-11-29T09:16:14.963Z'),
(65, 118, 33, 17, '2025-11-29T08:36:27.085Z', '2025-11-29T08:36:48.210Z'),
(66, 118, 34, 0, '2025-11-29T08:36:27.180Z', '2025-11-29T08:36:48.302Z'),
(47, 115, 30, 4, '2025-11-29T08:32:51.910Z', '2025-11-29T08:32:54.862Z'),
(48, 115, 31, 13, '2025-11-29T08:32:52.006Z', '2025-11-29T08:32:54.957Z'),
(49, 115, 32, 5, '2025-11-29T08:32:52.102Z', '2025-11-29T08:32:55.050Z'),
(17, 109, 30, 1, '2025-11-29T08:15:08.711Z', '2025-11-29T08:15:13.519Z'),
(18, 109, 31, 8, '2025-11-29T08:15:08.817Z', '2025-11-29T08:15:13.614Z'),
(19, 109, 32, 11, '2025-11-29T08:15:08.921Z', '2025-11-29T08:15:13.709Z'),
(20, 109, 33, 14, '2025-11-29T08:15:09.018Z', '2025-11-29T08:15:13.808Z'),
(21, 109, 34, 0, '2025-11-29T08:15:09.117Z', '2025-11-29T08:15:13.905Z'),
(50, 115, 33, 15, '2025-11-29T08:32:52.197Z', '2025-11-29T08:32:55.147Z'),
(51, 115, 34, 0, '2025-11-29T08:32:52.292Z', '2025-11-29T08:32:55.245Z'),
(101, 125, 34, 17, '2025-11-29T09:15:42.233Z', '2025-11-29T09:16:15.060Z'),
(23, 110, 31, 6, '2025-11-29T08:15:21.571Z', '2025-11-29T08:54:57.047Z'),
(24, 110, 32, 11, '2025-11-29T08:15:21.668Z', '2025-11-29T08:54:57.055Z'),
(25, 110, 33, 11, '2025-11-29T08:15:21.777Z', '2025-11-29T08:54:57.062Z'),
(26, 110, 34, 16, '2025-11-29T08:15:21.874Z', '2025-11-29T08:54:57.069Z'),
(95, 124, 33, 8, '2025-11-29T08:49:51.950Z', '2025-11-29T09:09:01.209Z'),
(102, 126, 30, 3, '2025-11-29T09:15:57.207Z', '2025-11-29T09:16:04.663Z'),
(103, 126, 31, 4, '2025-11-29T09:15:57.303Z', '2025-11-29T09:16:04.758Z'),
(104, 126, 32, 6, '2025-11-29T09:15:57.647Z', '2025-11-29T09:16:04.854Z'),
(105, 126, 33, 13, '2025-11-29T09:15:57.742Z', '2025-11-29T09:16:04.951Z'),
(85, 122, 33, 7, '2025-11-29T08:40:59.575Z', '2025-11-29T08:41:03.272Z'),
(96, 124, 34, 3, '2025-11-29T08:49:51.960Z', '2025-11-29T09:09:01.217Z'),
(27, 111, 30, 13, '2025-11-29T08:15:33.521Z', '2025-11-29T08:53:42.178Z'),
(28, 111, 31, 17, '2025-11-29T08:15:33.616Z', '2025-11-29T08:53:42.185Z'),
(87, 123, 30, 5, '2025-11-29T08:46:47.953Z', '2025-11-29T08:46:54.355Z'),
(86, 122, 34, 0, '2025-11-29T08:40:59.669Z', '2025-11-29T08:41:03.365Z'),
(88, 123, 31, 12, '2025-11-29T08:46:48.052Z', '2025-11-29T08:46:54.447Z'),
(89, 123, 32, 5, '2025-11-29T08:46:48.150Z', '2025-11-29T08:46:54.542Z'),
(90, 123, 33, 17, '2025-11-29T08:46:48.248Z', '2025-11-29T08:46:54.639Z'),
(91, 123, 34, 0, '2025-11-29T08:46:48.348Z', '2025-11-29T08:46:54.733Z'),
(29, 111, 32, 14, '2025-11-29T08:15:33.714Z', '2025-11-29T08:53:42.191Z'),
(52, 116, 30, 8, '2025-11-29T08:33:01.438Z', '2025-11-29T08:33:05.102Z'),
(53, 116, 31, 14, '2025-11-29T08:33:01.534Z', '2025-11-29T08:33:05.197Z'),
(54, 116, 32, 16, '2025-11-29T08:33:01.629Z', '2025-11-29T08:33:05.297Z'),
(55, 116, 33, 7, '2025-11-29T08:33:01.723Z', '2025-11-29T08:33:05.391Z'),
(56, 116, 34, 0, '2025-11-29T08:33:01.818Z', '2025-11-29T08:33:05.485Z'),
(30, 111, 33, 20, '2025-11-29T08:15:33.811Z', '2025-11-29T08:53:42.199Z'),
(31, 111, 34, 3, '2025-11-29T08:15:33.908Z', '2025-11-29T08:53:42.208Z'),
(67, 119, 30, 17, '2025-11-29T08:37:50.904Z', '2025-11-29T08:37:55.681Z'),
(68, 119, 31, 14, '2025-11-29T08:37:51.004Z', '2025-11-29T08:37:55.776Z'),
(69, 119, 32, 18, '2025-11-29T08:37:51.104Z', '2025-11-29T08:37:55.870Z'),
(70, 119, 33, 7, '2025-11-29T08:37:51.208Z', '2025-11-29T08:37:55.964Z'),
(71, 119, 34, 0, '2025-11-29T08:37:51.324Z', '2025-11-29T08:37:56.059Z'),
(57, 117, 30, 6, '2025-11-29T08:33:09.830Z', '2025-11-29T08:33:14.426Z'),
(58, 117, 31, 18, '2025-11-29T08:33:09.928Z', '2025-11-29T08:33:14.521Z'),
(106, 126, 34, 16, '2025-11-29T09:15:57.836Z', '2025-11-29T09:16:05.045Z'),
(59, 117, 32, 3, '2025-11-29T08:33:10.031Z', '2025-11-29T08:33:14.614Z'),
(60, 117, 33, 19, '2025-11-29T08:33:10.126Z', '2025-11-29T08:33:14.708Z'),
(61, 117, 34, 0, '2025-11-29T08:33:10.230Z', '2025-11-29T08:33:14.805Z'),
(72, 120, 30, 5, '2025-11-29T08:40:41.238Z', '2025-11-29T08:40:44.305Z'),
(73, 120, 31, 16, '2025-11-29T08:40:41.342Z', '2025-11-29T08:40:44.399Z'),
(74, 120, 32, 0, '2025-11-29T08:40:41.439Z', '2025-11-29T08:40:44.498Z'),
(75, 120, 33, 0, '2025-11-29T08:40:41.533Z', '2025-11-29T08:40:44.599Z'),
(76, 120, 34, 0, '2025-11-29T08:40:41.629Z', '2025-11-29T08:40:44.693Z'),
(37, 113, 30, 4, '2025-11-29T08:19:36.831Z', '2025-11-29T09:15:54.808Z'),
(77, 121, 30, 18, '2025-11-29T08:40:50.353Z', '2025-11-29T08:40:52.593Z'),
(78, 121, 31, 18, '2025-11-29T08:40:50.468Z', '2025-11-29T08:40:52.684Z'),
(79, 121, 32, 18, '2025-11-29T08:40:50.562Z', '2025-11-29T08:40:52.776Z'),
(80, 121, 33, 18, '2025-11-29T08:40:50.657Z', '2025-11-29T08:40:52.870Z'),
(38, 113, 31, 14, '2025-11-29T08:19:36.928Z', '2025-11-29T09:15:54.910Z'),
(62, 118, 30, 0, '2025-11-29T08:36:26.798Z', '2025-11-29T08:36:47.927Z'),
(63, 118, 31, 0, '2025-11-29T08:36:26.896Z', '2025-11-29T08:36:48.022Z'),
(64, 118, 32, 18, '2025-11-29T08:36:26.989Z', '2025-11-29T08:36:48.115Z'),
(81, 121, 34, 0, '2025-11-29T08:40:50.749Z', '2025-11-29T08:40:52.966Z'),
(39, 113, 32, 5, '2025-11-29T08:19:37.022Z', '2025-11-29T09:15:55.005Z'),
(40, 113, 33, 16, '2025-11-29T08:19:37.116Z', '2025-11-29T09:15:55.112Z'),
(41, 113, 34, 2, '2025-11-29T08:19:37.211Z', '2025-11-29T09:15:55.208Z'),
(32, 112, 30, 5, '2025-11-29T08:19:27.299Z', '2025-11-29T09:15:33.158Z'),
(33, 112, 31, 8, '2025-11-29T08:19:27.395Z', '2025-11-29T09:15:33.254Z'),
(34, 112, 32, 13, '2025-11-29T08:19:27.490Z', '2025-11-29T09:15:33.349Z'),
(35, 112, 33, 15, '2025-11-29T08:19:27.584Z', '2025-11-29T09:15:33.447Z'),
(82, 122, 30, 2, '2025-11-29T08:40:59.297Z', '2025-11-29T08:41:02.992Z'),
(83, 122, 31, 3, '2025-11-29T08:40:59.389Z', '2025-11-29T08:41:03.089Z'),
(84, 122, 32, 5, '2025-11-29T08:40:59.481Z', '2025-11-29T08:41:03.180Z'),
(36, 112, 34, 0, '2025-11-29T08:19:27.677Z', '2025-11-29T09:15:33.543Z'),
(42, 114, 30, 5, '2025-11-29T08:19:47.187Z', '2025-11-29T09:15:38.024Z'),
(43, 114, 31, 11, '2025-11-29T08:19:47.282Z', '2025-11-29T09:15:38.124Z'),
(44, 114, 32, 7, '2025-11-29T08:19:47.376Z', '2025-11-29T09:15:38.243Z'),
(45, 114, 33, 14, '2025-11-29T08:19:47.471Z', '2025-11-29T09:15:38.342Z'),
(46, 114, 34, 1, '2025-11-29T08:19:47.565Z', '2025-11-29T09:15:38.438Z'),
(92, 124, 30, 9, '2025-11-29T08:49:51.921Z', '2025-11-29T09:09:01.183Z'),
(93, 124, 31, 2, '2025-11-29T08:49:51.931Z', '2025-11-29T09:09:01.191Z'),
(94, 124, 32, 1, '2025-11-29T08:49:51.941Z', '2025-11-29T09:09:01.200Z'),
(22, 110, 30, 16, '2025-11-29T08:15:21.442Z', '2025-11-29T08:54:57.039Z'),
(97, 125, 30, 2, '2025-11-29T09:15:41.845Z', '2025-11-29T09:16:14.670Z')
;



-- Table judge_submissions: No data to export

-- ============================================================================
-- Table: settings (1 rows)
-- ============================================================================

INSERT INTO "settings" ("id", "key", "value", "updated_at") VALUES
(1, 'signup_locked', 'false', '2025-11-29T08:30:42.099Z')
;


